Region,Y2016,Y2017,Y2018,Y2019,Y2020
Alabama,8.3,7.4,6.6,5.9,5.6
Alaska,7.8,7.7,7.4,7.2,7.2
Arizona,8,7.1,6.5,5.9,5.8
Arkansas,6.9,6.3,5.5,5.1,5.2
California,8.7,7.7,6.7,6.1,6.2
Colorado,6,5.2,4.7,4.3,4.6
Connecticut,8,7.2,6.5,6,6
Delaware,7.1,6.4,5.9,5.5,5.8
District of Columbia,8.7,8,7.4,6.9,7.1
Florida,8.4,7.2,6.3,5.6,5.4
Georgia,8.5,7.5,6.4,5.7,5.6
Hawaii,5.5,4.9,4.5,4.3,4.6
Idaho,6.2,5.4,4.7,4.3,4.2
Illinois,8.2,7.4,6.6,5.9,6
Indiana,6.9,6.1,5.4,4.8,4.7
Iowa,4.5,4.1,3.9,3.7,3.9
Kansas,5.3,4.8,4.4,4.1,4.1
Kentucky,7.6,6.8,6.1,5.6,5.4
Louisiana,7.7,7.2,6.9,6.5,6.6
Maine,6,5.3,4.6,4.1,4
Maryland,6.7,6.1,5.6,5.1,5.2
Massachusetts,6.8,6,5.4,4.8,5.1
Michigan,8.5,7.4,6.5,5.9,6
Minnesota,4.8,4.3,3.9,3.6,3.8
Mississippi,9.6,8.8,8.2,7.5,7.1
Missouri,6.6,5.8,5.1,4.6,4.5
Montana,5.6,4.8,4.2,4,4.2
Nebraska,4.2,3.8,3.5,3.3,3.4
Nevada,9.3,8,6.9,6.2,6.6
New Hampshire,5.1,4.5,4,3.6,3.8
New Jersey,7.9,7,6.1,5.5,5.8
New Mexico,8.5,7.7,7.2,6.7,6.6
New York,7.5,6.8,6,5.5,5.7
North Carolina,8.3,7.2,6.3,5.6,5.4
North Dakota,2.8,2.7,2.8,2.8,3.1
Ohio,7.2,6.5,5.8,5.3,5.3
Oklahoma,6,5.7,5.3,5.1,5.1
Oregon,8.1,6.8,6,5.5,5.5
Pennsylvania,7.2,6.5,5.8,5.3,5.4
Rhode Island,7.7,6.8,6.1,5.4,5.5
South Carolina,8.4,7.2,6.4,5.8,5.5
South Dakota,4.1,3.7,3.5,3.4,3.5
Tennessee,7.5,6.6,5.9,5.3,5.3
Texas,6.4,5.8,5.4,5.1,5.3
Utah,5.1,4.4,3.9,3.6,3.6
Vermont,5,4.4,4.1,3.6,3.8
Virginia,5.9,5.5,5,4.6,4.6
Washington,6.8,6,5.3,5,4.9
West Virginia,7.5,7.2,6.7,6.5,6.5
Wisconsin,5.5,4.7,4,3.6,3.6
Wyoming,4.9,4.7,4.5,4.5,4.4
Puerto Rico,17.7,17.5,17,16.1,15.1
"Aberdeen, SD",2.1,1.8,2.2,2.3,2.2
"Aberdeen, WA",12.1,10.1,8.4,7.1,6.4
"Abilene, TX",5.2,4.4,4.2,3.4,3.3
"Ada, OK",6,5.1,5.1,4.4,4.9
"Adrian, MI",35.6,40.9,38.4,4.7,4.8
"Aguadilla-Isabela, PR",7.4,5.9,5.1,18.4,15.8
"Akron, OH",23.8,23.2,21,5.4,5.8
"Alamogordo, NM",7.5,6.6,5.8,7.6,9.1
"Albany, GA",11,9.3,8,10.6,8.5
"Albany-Lebanon, OR",13.3,12.6,11.3,6.6,6.8
"Albany-Schenectady-Troy, NY",9.8,8.8,7.9,4.6,4.7
"Albemarle, NC",6.3,5.6,5,5.7,4.9
"Albert Lea, MN",10.3,8,6.2,3.7,3.9
"Albertville, AL",4.6,4.1,4.4,4.3,3.7
"Albuquerque, NM",7.2,6.5,5.1,6,5.9
"Alexander City, AL",7.8,7,6.6,8.4,9.3
"Alexandria, LA",9.8,9.2,10.4,6.2,5.6
"Alexandria, MN",8.1,7.8,7,2.5,2.4
"Alice, TX",4,3.1,3,6.2,4.8
"Allentown-Bethlehem-Easton, PA-NJ",6.3,5.3,5.2,5.5,5.5
"Alma, MI",7.4,6.7,6.1,5.7,4.8
"Alpena, MI",8,7.4,6.7,6,7.5
"Altoona, PA",7.8,6.4,6,4.3,4.7
"Altus, OK",5.8,5.2,5,5.1,3.9
"Amarillo, TX",5.5,5.2,5.1,3.4,3.4
"Americus, GA",3.9,3.9,3.5,8.7,6.7
"Ames, IA",12.7,11.2,9.8,4.1,5
"Amsterdam, NY",5.2,4.4,4.3,6.6,6
"Anchorage, AK",8.4,7.3,7.7,6.5,6.3
"Andrews, TX",6.9,6.7,6.5,3.7,3.9
"Angola, IN",5.2,4.5,4.7,3.2,5.8
"Ann Arbor, MI",5.9,4.9,3.8,4.2,4.5
"Anniston-Oxford, AL",6.3,5.4,4.7,8.1,7.3
"Appleton, WI",11.7,10.1,8.8,2.6,3
"Arcadia, FL",3.5,2.9,2.7,4.8,8.8
"Ardmore, OK",8.3,6.1,5,5.3,4.8
"Arecibo, PR",6.1,6.4,5.5,13.2,11.7
"Arkadelphia, AR",16.5,15.4,14.2,2,3.6
"Asheville, NC",7.9,4.5,2.7,3.3,3.2
"Ashland, OH",6.2,5.2,4.9,3.5,3.8
"Ashtabula, OH",5.8,4.6,3.9,6.9,7.2
"Astoria, OR",5.7,4.2,4.1,5.3,4.4
"Atchison, KS",8.1,7.4,7.3,2.8,3.8
"Athens, OH",6.9,6.5,6,7.2,5.8
"Athens, TN",6.7,6.3,4.6,6,6.2
"Athens, TX",9.4,8.7,7.7,5,6.3
"Athens-Clarke County, GA",8.6,8.3,7,5.1,5.3
"Atlanta-Sandy Springs-Alpharetta, GA",6.9,6.2,5.1,5.2,5.2
"Atlantic City-Hammonton, NJ",7.5,6.9,6,8.4,8.7
"Atmore, AL",8.2,7,5.9,11,10.1
"Auburn, IN",11.8,10.9,9.6,3.5,3.7
"Auburn, NY",15.2,13.7,13.5,4.5,4.8
"Auburn-Opelika, AL",6.2,4.6,4.6,5.2,4.7
"Augusta-Richmond County, GA-SC",6.9,5.9,5.4,7,7.1
"Augusta-Waterville, ME",6.1,5.7,5.7,4,3.7
"Austin, MN",9.5,8.8,7.8,3.7,3.1
"Austin-Round Rock-Georgetown, TX",7,5.7,4.9,4.2,4.6
"Bainbridge, GA",5.8,5,4.5,5.2,6.5
"Bakersfield, CA",5.4,4.7,4.3,9.8,9.1
"Baltimore-Columbia-Towson, MD",6.7,6.5,5.4,5.1,5
"Bangor, ME",11.9,10.9,10.3,5,4.6
"Baraboo, WI",6.7,6,5.6,2.9,2.3
"Bardstown, KY",7.3,6.5,5.5,4.5,3.3
"Barnstable Town, MA",4.8,3.6,3.2,4.1,4.1
"Barre, VT",7.1,5.9,5.7,3.2,3.2
"Bartlesville, OK",6.3,5.5,4.7,5.2,4.9
"Batavia, NY",4.6,3.9,3.5,4.1,4
"Batesville, AR",4.8,4.7,4.9,4.6,4.5
"Baton Rouge, LA",8.1,6.1,5.4,6.1,6.5
"Battle Creek, MI",5.4,5.1,4.7,6.3,6.4
"Bay City, MI",6.7,6,4.9,6.4,5.9
"Bay City, TX",6.9,6.7,6.2,5.8,6.4
"Beatrice, NE",8.5,7.4,7,3.4,2.1
"Beaumont-Port Arthur, TX",8.2,7.4,6.9,4.7,5.2
"Beaver Dam, WI",6,6.4,7,4,4.1
"Beckley, WV",3.6,3.2,3.4,7.9,7
"Bedford, IN",7.2,6.2,5.5,4.4,4.2
"Beeville, TX",4.8,4.8,4.3,8,8.3
"Bellefontaine, OH",8,7.9,7.6,4.5,4.5
"Bellingham, WA",5.6,5.2,4.9,5.7,5.2
"Bemidji, MN",6.1,6.3,8.9,7.2,6.1
"Bend, OR",5.9,5.8,4.9,5.4,5.6
"Bennettsville, SC",7.7,6.8,6.3,12,10
"Bennington, VT",10.3,8.7,7.7,3.6,4.1
"Berlin, NH",7.1,5.5,5.2,5.5,5
"Big Rapids, MI",15.5,14.6,13,6.8,6.2
"Big Spring, TX",5.4,4.4,4.3,7,6.8
"Big Stone Gap, VA",6.7,5.9,5.5,9.5,9.2
"Billings, MT",10.7,8.7,7,3.3,3.5
"Binghamton, NY",6.5,6.4,6.5,6.2,7.2
"Birmingham-Hoover, AL",9.9,9,8.8,5.7,5.6
"Bismarck, ND",3.7,3.6,3.4,2.1,2.4
"Blackfoot, ID",7.3,7,6.5,4.8,5.5
"Blacksburg-Christiansburg, VA",7.4,6.8,6.4,4.6,4.2
"Bloomington, IL",2.6,2.3,2.5,3.2,3.3
"Bloomington, IN",6.6,5.2,4.3,5.4,6.3
"Bloomsburg-Berwick, PA",5.6,5.2,4.9,4,3.9
"Bluefield, WV-VA",4.9,4.1,3.7,6.9,6.5
"Bluffton, IN",6.6,6.3,6.3,9.2,2.6
"Blytheville, AR",5.3,4.9,4.3,9.8,8.9
"Bogalusa, LA",7.1,6.9,6.7,4.4,9.5
"Boise City, ID",10.9,11.6,9.3,3.8,4
"Bonham, TX",13.1,12.3,11,7.4,4.7
"Boone, NC",6.3,5.2,4.6,6.7,8.7
"Borger, TX",6.4,5.2,4.7,4.5,7
"Boston-Cambridge-Newton, MA-NH",4.3,4.4,3.8,4.2,4.9
"Boulder, CO",8.8,8.1,7.4,4.9,4.5
"Bowling Green, KY",4.9,5.2,6,2.8,5.3
"Bozeman, MT",6.3,5.6,5.1,6,2.4
"Bradford, PA",5.6,5.2,4.8,3.5,6.5
"Brainerd, MN",6.9,6,5.4,4.8,4.6
"Branson, MO",5.3,4.3,3.3,3.2,4.5
"Breckenridge, CO",7.9,7.5,6.8,4.6,3.1
"Bremerton-Silverdale-Port Orchard, WA",4.9,4.1,3.6,5.6,4.4
"Brenham, TX",7.7,6.8,6.1,5.9,4.6
"Brevard, NC",4.3,3.3,3.5,6.6,5.4
"Bridgeport-Stamford-Norwalk, CT",7,5.7,5.2,7.3,6.6
"Brookhaven, MS",4.9,6.2,6,8.3,5.3
"Brookings, OR",6.7,6.8,5.8,3.7,8.7
"Brookings, SD",8.2,7.6,7,6.8,3.9
"Brownsville, TN",8,7.5,7.4,5.8,5.8
"Brownsville-Harlingen, TX",11,9.9,8,4.2,5.6
"Brownwood, TX",3.5,3.3,3.5,5.1,4.3
"Brunswick, GA",7.2,6.8,7.2,5.3,4.7
"Bucyrus-Galion, OH",9.4,8,6.6,4.4,5.5
"Buffalo-Cheektowaga, NY",4.1,4.3,4,3.2,4.9
"Burley, ID",8.2,7.2,5.8,5.2,3.9
"Burlington, IA-IL",7.7,6.4,5.3,5.3,4.5
"Burlington, NC",6.3,5.6,4.9,3.5,5.2
"Burlington-South Burlington, VT",4.7,4.1,3.3,4.6,3.8
"Butte-Silver Bow, MT",6,5.7,5.3,6.3,5.3
"Cadillac, MI",6.9,6,5.7,3.3,6.6
"Calhoun, GA",4.7,4.2,3.9,3.3,3.5
"California-Lexington Park, MD",7,5.9,5,8,3.5
"Cambridge, MD",8.4,7.1,6.1,5.9,7.3
"Cambridge, OH",7.7,5.7,4.6,7.2,5
"Camden, AR",4.4,4.2,3.6,4.8,7.6
"Campbellsville, KY",10.1,8.3,7.9,5.5,5
"Cañon City, CO",9.3,8.5,7,5.4,5.5
"Canton-Massillon, OH",7.7,7.8,7.1,5.3,5.1
"Cape Coral-Fort Myers, FL",8.8,7.6,5.7,4.6,5
"Cape Girardeau, MO-IL",8,6.2,6,6.9,4.7
"Carbondale-Marion, IL",7.8,7.7,6.7,4.5,6.7
"Carlsbad-Artesia, NM",7.5,6.6,5.9,2,4.3
"Carroll, IA",8.5,7.1,5.9,5.1,1.9
"Carson City, NV",6,5.4,5.2,4.3,4.6
"Casper, WY",8.3,7.6,7.6,4.4,4.3
"Cedar City, UT",5.5,5.1,4.5,3.6,4.9
"Cedar Rapids, IA",2.6,2.5,2.1,4.9,3.8
"Cedartown, GA",9.5,7.7,6.2,2.5,5.4
"Celina, OH",4.9,5.1,4.6,6.5,2.5
"Central City, KY",8.1,6.2,5.1,9.5,5
"Centralia, IL",4.2,3.8,3.5,7.1,8.8
"Centralia, WA",8.7,7.2,5.9,4.8,6.6
"Chambersburg-Waynesboro, PA",4.7,3.9,2.6,4.8,3.9
"Champaign-Urbana, IL",8.4,9.6,8.9,6,4.7
"Charleston, WV",9.1,8.7,9.5,5.2,6.1
"Charleston-Mattoon, IL",9.7,8.8,8.2,4.2,6
"Charleston-North Charleston, SC",6.4,5.7,5.3,5.2,4.2
"Charlotte-Concord-Gastonia, NC-SC",5.6,5.2,4.8,3.2,5.1
"Charlottesville, VA",6.8,7,6.5,4.9,3.5
"Chattanooga, TN-GA",7.2,6.9,5.3,5.1,4.7
"Cheyenne, WY",7,5.8,4.9,6.1,4.9
"Chicago-Naperville-Elgin, IL-IN-WI",8.3,7.1,6,8.1,6.2
"Chico, CA",4.4,4.1,3.9,6.1,7.4
"Chillicothe, OH",7,6,5.4,4.5,6
"Cincinnati, OH-KY-IN",5.6,5.3,5.3,6.3,4.6
"Clarksburg, WV",8.5,7.6,6.7,14.8,6.4
"Clarksdale, MS",10.7,9.1,8.7,6.8,12
"Clarksville, TN-KY",9.9,7.6,7.6,8.7,6.4
"Clearlake, CA",6.6,5.8,5.1,8.2,10.5
"Cleveland, MS",4.5,4.1,3.8,5.4,7.4
"Cleveland, TN",7.6,6.9,6.8,6.2,5.5
"Cleveland-Elyria, OH",21.1,19,17.9,7.4,6.1
"Clewiston, FL",8.8,7.7,7.5,4.5,6.9
"Clinton, IA",13.7,11.2,9.8,6.4,4.4
"Clovis, NM",14.4,12.6,10.5,6.1,7.9
"Coamo, PR",9.3,7.1,6.2,5.3,6.9
"Coco, PR",8.2,7.5,6.8,4.1,5.8
"Coeur d'Alene, ID",10.1,8.2,8.3,5,4
"Coffeyville, KS",4.6,4.2,4.4,4.2,5.2
"Coldwater, MI",8.9,7.8,6.8,4.2,5.2
"College Station-Bryan, TX",10.4,8.2,7.4,5.8,4.6
"Colorado Springs, CO",11.4,9.1,8.5,4.2,5.9
"Columbia, MO",7.1,6.1,5.2,5.9,3.6
"Columbia, SC",7.4,5.8,5.5,8.3,5.6
"Columbus, GA-AL",5.5,4.6,4.5,4.2,7.7
"Columbus, IN",5.9,5,4.6,8.1,4.4
"Columbus, MS",7.4,6.8,6.2,3,7.8
"Columbus, NE",4.6,4.4,4.3,4.5,2.3
"Columbus, OH",8,7,6.4,3.6,4.4
"Concord, NH",9.9,9.8,8.8,5,3.5
"Connersville, IN",5.2,5,4.8,5.3,4.4
"Cookeville, TN",11.5,11.4,9.2,7.6,5.6
"Coos Bay, OR",4.6,3.9,3.8,11.6,7
"Cordele, GA",6,5.3,4.8,6.5,12
"Corinth, MS",4.8,4,3.9,3.1,6.2
"Cornelia, GA",9.2,7.5,5,6.3,2.4
"Corning, NY",7.8,6.8,6,5.6,5.7
"Corpus Christi, TX",10.7,9.2,7.7,7.3,5.7
"Corsicana, TX",13.9,14.8,12.2,5.3,4.9
"Cortland, NY",7.7,8.6,8.8,5.4,5.6
"Corvallis, OR",7.2,5.5,4,5.5,6.1
"Coshocton, OH",7.6,7,6.5,4.4,6.1
"Craig, CO",6.1,5.8,5.8,3.8,5
"Crawfordsville, IN",10.4,9.4,8,7.7,3.9
"Crescent City, CA",5.2,4.9,4.5,5.2,6.4
"Crestview-Fort Walton Beach-Destin, FL",7.8,6.7,6.2,5.4,4.4
"Crossville, TN",6.4,6.7,6.2,5.1,6.2
"Cullman, AL",4.5,3.6,4.1,5.5,5
"Cullowhee, NC",5.4,4.4,4.1,6.9,5.9
"Cumberland, MD-WV",10.4,9.5,8.3,4.4,7.4
"Dallas-Fort Worth-Arlington, TX",6.7,6,5.5,5.6,4.6
"Dalton, GA",8.8,7.6,6.8,6.5,6.1
"Danville, IL",6.1,5.8,5.5,5.7,5.8
"Danville, KY",5.1,4.8,4.7,6.8,6.5
"Danville, VA",9,8.4,7.9,4.3,6
"Daphne-Fairhope-Foley, AL",6,5.3,4.8,4.7,3.9
"Davenport-Moline-Rock Island, IA-IL",9.4,7.9,6.7,8.5,4.7
"Dayton, TN",9.7,8.3,7.5,6,8.8
"Dayton-Kettering, OH",7.8,6.6,5.6,5.1,5.7
"Decatur, AL",8.7,8,7.4,7.6,4.6
"Decatur, IL",6.3,5.5,4.4,3.6,7.7
"Decatur, IN",6.1,5.5,5.2,4.3,3
"Defiance, OH",8,7.2,6.5,4.9,4.4
"Del Rio, TX",8,7.9,7.7,4.9,4
"Deltona-Daytona Beach-Ormond Beach, FL",8.8,6.6,5.3,11.8,4.6
"Deming, NM",10.1,9.2,8.2,3.7,9.5
"Denver-Aurora-Lakewood, CO",5.5,5.2,3.6,8.5,4.1
"DeRidder, LA",6.8,5,4.6,3.9,7.9
"Des Moines-West Des Moines, IA",8.4,6.6,5.7,6.5,4.2
"Detroit-Warren-Dearborn, MI",7.8,6.7,5.6,2.6,6.5
"Dickinson, ND",14.1,11.4,12,3.5,2.7
"Dixon, IL",5.4,4.6,4,5.8,3.3
"Dodge City, KS",7,7.4,7.9,6.2,4.7
"Dothan, AL",4.8,4.3,3.9,4.6,5.3
"Douglas, GA",9.2,8.1,7.1,5.4,4.5
"Dover, DE",3.2,3.2,3.3,6.4,6.2
"Dublin, GA",6.4,5.9,4.4,6.4,6.5
"DuBois, PA",7.2,6.3,5.9,3.9,7.4
"Dubuque, IA",8.4,7.7,7.3,4.2,4.1
"Duluth, MN-WI",7.3,5.7,4.6,5,4.7
"Dumas, TX",8,6.7,5.9,6.6,3.7
"Duncan, OK",6.6,6.4,5.7,4.1,6.5
"Durango, CO",8.1,8.2,7.1,5.5,3.9
"Durant, OK",4,3.9,4.1,4.5,5.7
"Durham-Chapel Hill, NC",5.7,5,4.7,6.4,4.6
"Dyersburg, TN",3.9,4.1,4.9,9.2,6.2
"Eagle Pass, TX",6.8,6.8,6.6,3.4,7.7
"Easton, MD",10,9.3,7.9,6.5,2.9
"East Stroudsburg, PA",5.1,4.4,4.1,3.4,6.2
"Eau Claire, WI",7.2,6.4,5.6,1.9,3.4
"Edwards, CO",6.8,6,5.2,2.8,3.9
"Effingham, IL",8.1,7.3,7.7,5.2,2.6
"El Campo, TX",12.4,12.9,11.6,14.2,5.3
"El Centro, CA",6,4.4,3.3,5,13.7
"El Dorado, AR",10.3,9.2,7.9,6.6,3.9
"Elizabeth City, NC",4.6,3.9,3.5,5.7,6.4
"Elizabethtown-Fort Knox, KY",3,2.7,2.2,3.3,6
"Elk City, OK",4.9,4.4,3.9,4.5,4.4
"Elkhart-Goshen, IN",5.7,5.3,5.2,6,4.4
"Elkins, WV",17.1,16,15.3,4.5,7.1
"Elko, NV",9,8.3,7.3,5.6,4.2
"Ellensburg, WA",9.4,7.6,7.2,5.6,6.1
"Elmira, NY",7.9,6.7,6.1,6.1,5.9
"El Paso, TX",3.3,4.6,4.2,5.4,6.2
"Emporia, KS",6.5,5.6,4.7,4.9,4
"Enid, OK",7.4,7.3,6.6,5.7,5.1
"Enterprise, AL",4.9,4.3,4.4,5.4,5.5
"Erie, PA",6.7,5.3,6,5.1,5.4
"Escanaba, MI",5.6,5.3,5,7.9,5.1
"Española, NM",7.9,7,6.6,8.9,7
"Eufaula, AL-GA",6.6,5.8,5.7,6.9,8.2
"Eugene-Springfield, OR",4.9,5.3,5.1,7.8,7.1
"Eureka-Arcata, CA",6.2,6,5.9,6.3,9
"Evanston, WY",7.1,6.5,5.9,4.3,4.5
"Evansville, IN-KY",7.5,6.5,5.3,6.5,4.4
"Fairbanks, AK",9.5,8.9,(X),6.6,7.1
"Fairfield, IA",13.2,12.4,9.7,4,7.3
"Fairmont, MN",8.7,7.6,7.1,6,4.5
"Fairmont, WV",9.5,8.9,8,6,5.7
"Fallon, NV",6.4,6.4,6.1,2.7,5.9
"Fargo, ND-MN",5.5,4.6,4.5,3.8,3.1
"Faribault-Northfield, MN",8.5,8,7,5,5.1
"Farmington, MO",6.6,6.7,6.7,8.7,4.3
"Farmington, NM",3.2,3.1,3.5,8.2,8.2
"Fayetteville, NC",6,5.5,5.9,3.5,7.5
"Fayetteville-Springdale-Rogers, AR",11.7,7.8,7.2,3.1,3.5
"Fergus Falls, MN",3,2.7,2.8,7.4,3.9
"Fernley, NV",4.3,3.6,3.7,3.6,8
"Findlay, OH",7.3,6.5,5.7,5.8,3.7
"Fitzgerald, GA",9.9,9.6,8.9,7.6,6.1
"Flagstaff, AZ",11.4,10.3,9,9.3,8.1
"Flint, MI",4.4,4.1,3.6,7.3,8.9
"Florence, SC",4,3.6,3.4,4.6,5.9
"Florence-Muscle Shoals, AL",11.8,9.8,8.7,3.3,4.4
"Fond du Lac, WI",5.5,4.5,4.3,7.2,3.6
"Forest City, NC",7.8,5.2,4.7,6.2,6.7
"Forrest City, AR",8.2,8.3,7.5,4.7,6
"Fort Collins, CO",12,10.8,9.8,4.1,5.1
"Fort Dodge, IA",12.1,10.6,9,6,3.1
"Fort Leonard Wood, MO",7.6,6.7,5.5,6.1,4.8
"Fort Madison-Keokuk, IA-IL-MO",4.6,4,3.7,4.1,5.1
"Fort Morgan, CO",10.1,8.7,8.4,4,4.2
"Fort Payne, AL",11,10,8,8.6,4.5
"Fort Polk South, LA",6,5.3,5,5,7.5
"Fort Smith, AR-OK",6.6,5.7,4.5,4.8,5.1
"Fort Wayne, IN",10.8,8.8,8.8,3.9,5
"Frankfort, IN",7.2,6.9,6.5,4.9,3.6
"Frankfort, KY",5.5,4.5,4.4,4.3,5.2
"Fredericksburg, TX",6.3,5.1,4.5,7,4.3
"Freeport, IL",8.2,8.7,9,4.5,6.8
"Fremont, NE",6.7,6.4,5.5,4.6,4.5
"Fremont, OH",6.7,5.9,5.2,8.7,4.5
"Fresno, CA",6,5.2,4.8,5.5,8.9
"Gadsden, AL",7.6,6.9,6.3,6,5.7
"Gaffney, SC",5.9,5,4.3,5.3,6.5
"Gainesville, FL",8.5,8,7.1,3.6,5.1
"Gainesville, GA",4.3,4.4,4.6,4.5,3.5
"Gainesville, TX",6.3,5.4,5,5.1,4
"Galesburg, IL",11.9,10.4,9.4,14,5.2
"Gallup, NM",8.5,7.6,6.5,3.8,12.4
"Garden City, KS",8.7,7.8,5.9,4.2,4
"Gardnerville Ranchos, NV",7.2,6.7,6.1,7.2,4.1
"Georgetown, SC",5.7,4.6,3.7,3.8,6.9
"Gettysburg, PA",6.5,5.2,5,3.5,3.9
"Gillette, WY",6.8,6.3,5.7,6.3,3.7
"Glasgow, KY",15.7,16.1,15.7,4.4,6.1
"Glens Falls, NY",4.6,4.6,4.6,4.1,4.8
"Glenwood Springs, CO",7.5,6.2,5.2,5.1,3.8
"Gloversville, NY",9.5,9.6,8.5,6.6,4
"Goldsboro, NC",5.5,4.9,4.5,3.8,5.4
"Granbury, TX",4.7,4.6,4.6,3.7,6
"Grand Forks, ND-MN",7.5,7.3,6.9,3.7,3.7
"Grand Island, NE",7,5.6,5,6.7,3.7
"Grand Junction, CO",6,5.1,4.3,5.1,6.9
"Grand Rapids, MN",8,7.6,6.1,4.1,5.8
"Grand Rapids-Kentwood, MI",11.8,9.7,7.8,13.7,4.4
"Grants, NM",3.6,3.7,3.7,8.6,11.6
"Grants Pass, OR",4.8,4.7,4,3.9,7.5
"Great Bend, KS",8.7,8,7.8,3.9,3.4
"Great Falls, MT",6,5.7,5.2,4.1,3.7
"Greeley, CO",6.2,5.3,4.6,2.9,5.1
"Green Bay, WI",16.3,16,15.4,4.8,2.7
"Greeneville, TN",10.8,9,8.2,5.5,5
"Greensboro-High Point, NC",5.5,4.2,3.9,3.8,5.7
"Greensburg, IN",5,4.6,4.1,13.2,4
"Greenville, MS",6,5.3,4.5,8.1,10.1
"Greenville, NC",5.3,4.4,3.5,3.3,8.1
"Greenville, OH",8,7.2,6.5,4.8,2.7
"Greenville-Anderson, SC",6.1,5.8,5.2,7.8,4.6
"Greenwood, MS",7.7,6.6,5.9,6.9,10.4
"Greenwood, SC",5.3,4.8,4.4,6.5,6.1
"Grenada, MS",19.7,16.8,15.1,11.8,5.3
"Guayama, PR",11.5,10.1,9.2,8.5,12.2
"Gulfport-Biloxi, MS",6.1,5.1,4.7,2.7,8.6
"Guymon, OK",7.2,6.1,5.4,5.8,2.7
"Hagerstown-Martinsburg, MD-WV",11.9,10.6,10.9,2,5.7
"Hailey, ID",10.9,9.6,8.1,7.2,1.9
"Hammond, LA",9.6,10.4,6.9,7.6,7.1
"Hanford-Corcoran, CA",19.2,12.7,11.6,4.6,8.4
"Hannibal, MO",9.2,8.9,8.9,4,4.3
"Harrisburg-Carlisle, PA",2.9,3.1,2.9,4.4,3.9
"Harrison, AR",8.1,7.5,6.7,3.8,4.6
"Harrisonburg, VA",3.9,3.6,2.2,5.6,3.8
"Hartford-East Hartford-Middletown, CT",9.8,8.9,8.6,2.5,5.5
"Hastings, NE",11.7,9.7,8.4,9,2.4
"Hattiesburg, MS",6.1,6,5,2.8,7.8
"Hays, KS",5.6,4.9,4.4,1.7,3.4
"Heber, UT",7.9,5.7,4,3.2,2
"Helena, MT",5.5,4.9,4,10.6,3.5
"Helena-West Helena, AR",7.6,6.8,6.1,8.4,14.4
"Henderson, NC",5.4,4.2,3.3,3.8,8
"Hereford, TX",10.7,10.6,9.7,6.9,3.3
"Hermiston-Pendleton, OR",3.4,2.8,2.4,6.5,6.5
"Hickory-Lenoir-Morganton, NC",3.7,2.4,1.1,4.3,6.2
"Hillsdale, MI",4.4,3.5,3.4,6.2,4.1
"Hilo, HI",17.6,15.7,10.5,5.3,6.3
"Hilton Head Island-Bluffton, SC",11.1,11,9.3,10.4,5
"Hinesville, GA",4.9,5,4.6,6.3,10
"Hobbs, NM",8.7,7.9,7.5,2.8,6.9
"Holland, MI",9.2,7.9,7.3,8,3.4
"Homosassa Springs, FL",7.6,6.1,5,3.6,7.9
"Hood River, OR",7.4,6.8,5.9,4.9,5
"Hope, AR",7.1,6.9,6.3,5.5,5.7
"Hot Springs, AR",13.7,13.1,12.2,5.5,6.3
"Houghton, MI",6.6,6.2,6.4,6.3,5.9
"Houma-Thibodaux, LA",4.7,3.6,3.2,5.6,6.7
"Houston-The Woodlands-Sugar Land, TX",11.6,9.9,8.6,4.9,5.9
"Hudson, NY",4.8,5.1,4.2,5.6,5.7
"Huntingdon, PA",8,6,5.5,2.8,5.4
"Huntington, IN",9.1,9,7.1,5.7,2.4
"Huntington-Ashland, WV-KY-OH",7.4,6.7,6.5,5.2,5.4
"Huntsville, AL",6.3,6.5,6.7,3.3,4.6
"Huntsville, TX",6.6,6.1,5.8,1.4,3.4
"Huron, SD",5.5,5,4.9,4.5,2.1
"Hutchinson, KS",7.3,6.7,6.3,2.9,4.4
"Hutchinson, MN",5.2,3.9,3.4,3.7,2.7
"Idaho Falls, ID",7,6.6,6.2,6.6,3.8
"Indiana, PA",7.4,6.6,6,4.8,7.2
"Indianapolis-Carmel-Anderson, IN",5.3,4.6,4.3,13.7,4.5
"Indianola, MS",2.9,2.1,1.7,3.4,11
"Iowa City, IA",5.2,5,4.5,4.7,3.6
"Iron Mountain, MI-WI",3.8,3,2.6,3.8,4.1
"Ithaca, NY",4.8,4,4,5.8,4.1
"Jackson, MI",7.7,7.8,7.3,7.3,6.3
"Jackson, MS",6.9,6.1,5.4,7.9,7.2
"Jackson, OH",19.7,17.6,16,5.4,6.9
"Jackson, TN",8.2,6.2,5.2,2.4,6.3
"Jackson, WY-ID",3.3,3.3,3.4,5.5,2.9
"Jacksonville, FL",7,6.1,4.6,5.6,5.3
"Jacksonville, IL",5.4,4.8,4.6,8.7,5.3
"Jacksonville, NC",8.9,7.6,6.8,6.2,8
"Jacksonville, TX",8.5,7.8,7.3,3.2,6.5
"Jamestown, ND",11.2,10.8,10.5,6.1,4.5
"Jamestown-Dunkirk-Fredonia, NY",7.7,6.7,5.7,5.1,5.5
"Janesville-Beloit, WI",3.2,2.7,2.8,8.4,4.5
"Jasper, AL",8.2,7.1,6.3,2.3,7.3
"Jasper, IN",7.6,6.5,6.1,15.1,2.4
"Jayuya, PR",11.8,10.6,9.6,4.1,14.5
"Jefferson, GA",6,6.1,5.4,3.4,3.9
"Jefferson City, MO",2.6,1.5,3.3,8.1,4.2
"Jennings, LA",7.9,7.7,6.9,6.1,7.4
"Jesup, GA",7.4,6.4,5.6,4.7,5.4
"Johnson City, TN",3.1,3.1,2.1,5.8,5.2
"Johnstown, PA",28.1,27.1,22.2,6.1,5.2
"Jonesboro, AR",6.8,6.5,4.8,4.8,5.7
"Joplin, MO",4.9,4.4,3.8,4.6,4.9
"Juneau, AK",8.5,9.1,9,4,4.4
"Kahului-Wailuku-Lahaina, HI",12.8,9.5,7.6,5.5,5.1
"Kalamazoo-Portage, MI",6.5,6,5.3,3.5,6.2
"Kalispell, MT",8.3,7.5,6.6,5.2,4
"Kankakee, IL",6.4,5.9,5.9,3.9,5.4
"Kansas City, MO-KS",6,5.4,4.9,3.8,4.2
"Kapaa, HI",9.2,8,6.6,2.7,3.5
"Kearney, NE",4.9,4.8,5.8,3.4,2.7
"Keene, NH",6,4.9,4.4,3.9,3.9
"Kendallville, IN",7.4,6.6,6,6.8,4
"Kennett, MO",6.5,4,3.7,5.4,7.5
"Kennewick-Richland, WA",8.4,7.5,6,5.2,5.4
"Kerrville, TX",5.7,4.9,4.4,5.9,4.3
"Ketchikan, AK",5.1,4.4,4,2.9,5.6
"Key West, FL",3.3,3.1,3,4.4,3.4
"Kill Devil Hills, NC",5,4.5,3.8,7.6,5.6
"Killeen-Temple, TX",7,5.7,4.6,6,7.3
"Kingsport-Bristol, TN-VA",7.9,6.9,7.6,5.1,6.1
"Kingston, NY",6.6,5.9,5.3,8.4,5.4
"Kingsville, TX",8.2,6,5.3,11.4,6
"Kinston, NC",7.6,7,6.6,5.4,8.9
"Kirksville, MO",4.9,3.7,2.9,8.1,5.1
"Klamath Falls, OR",6.5,5.5,5.3,4.9,7.5
"Knoxville, TN",8.8,8.5,7.9,5.1,4.8
"Kokomo, IN",7.7,6.8,6.2,3.9,5.3
"Laconia, NH",8.5,7.1,6.2,3.3,3.8
"La Crosse-Onalaska, WI-MN",10.4,9.6,9,6.5,3.3
"Lafayette, LA",12.5,11.6,12.3,4,6.6
"Lafayette-West Lafayette, IN",6.4,5.6,6.1,5.9,3.8
"La Grande, OR",11.3,9.1,8.7,5.6,5.4
"LaGrange, GA-AL",6.8,6.1,5.4,5.6,5.1
"Lake Charles, LA",7.6,6.5,5.9,8.6,5.7
"Lake City, FL",5.1,4.9,4.7,8,8.8
"Lake Havasu City-Kingman, AZ",4.7,4.4,3.7,5.9,7.6
"Lakeland-Winter Haven, FL",7,6.8,6.7,5.8,5.4
"Lamesa, TX",6.2,5.2,4.7,3.7,7.3
"Lancaster, PA",6.6,6.5,6.4,5.6,3.6
"Lansing-East Lansing, MI",10.7,8.9,7.9,4.5,5.5
"Laramie, WY",7.3,6.5,5.6,4.9,4.1
"Laredo, TX",11.7,9.5,9.5,7.7,5.7
"Las Cruces, NM",11.7,10.1,8.9,8.4,7.7
"Las Vegas, NM",9.6,7.7,6.9,6.4,6.1
"Las Vegas-Henderson-Paradise, NV",7.4,6.7,5.5,5.3,7
"Laurel, MS",5.5,4.7,4,11.8,4.7
"Laurinburg, NC",7.8,7,6.2,4.2,11.7
"Lawrence, KS",4.6,4.8,4.3,8.1,4.3
"Lawrenceburg, TN",5.9,5.7,5.2,7.5,8.2
"Lawton, OK",10.6,9.3,8.3,6.4,6.7
"Lebanon, MO",4.9,5.3,6.4,3.3,6.4
"Lebanon, NH-VT",9.6,8.3,7.2,4.4,3.2
"Lebanon, PA",7.3,7.4,6.3,7.5,4.9
"Levelland, TX",13.4,12.7,12.5,3.7,6.6
"Lewisburg, PA",5.3,4.7,4.4,6,2.9
"Lewisburg, TN",8.8,8.8,8.7,4.8,6.4
"Lewiston, ID-WA",9,8.8,7.4,3.9,4.2
"Lewiston-Auburn, ME",8.4,7.7,6.9,3.5,4.5
"Lewistown, PA",6.5,5.8,5.3,3.4,3.5
"Lexington, NE",7.2,7.4,7,5,3.5
"Lexington-Fayette, KY",4.9,3.4,3.7,5,4.9
"Liberal, KS",8.4,6.5,6.2,5.4,3.6
"Lima, OH",6.7,5.1,5.4,5.6,5.6
"Lincoln, IL",5.8,5.2,4.6,3.2,5.7
"Lincoln, NE",5.2,4.2,3.6,4.2,3.3
"Little Rock-North Little Rock-Conway, AR",4.7,4.2,3.7,5.6,4.5
"Lock Haven, PA",6.4,6,5.3,2.5,5.8
"Logan, UT-ID",8.5,7.3,5.3,4.6,2.7
"Logansport, IN",7.6,7.2,6,6.9,4.4
"London, KY",7.1,5.6,5.6,5.4,6.1
"Longview, TX",4.3,3.8,3.3,6.6,5.4
"Longview, WA",6,5.4,4.8,3.4,6.5
"Los Alamos, NM",6.6,5.9,5.6,5.7,3.5
"Los Angeles-Long Beach-Anaheim, CA",4.5,3.5,2.7,5,6.1
"Louisville/Jefferson County, KY-IN",12.3,12.8,13.2,3.9,4.9
"Lubbock, TX",7.6,6.4,6,4.4,4.3
"Ludington, MI",10.6,9.9,8,6.6,4.5
"Lufkin, TX",6.1,5.6,5.6,6.7,6.7
"Lumberton, NC",9.7,8.4,7.8,4.5,7.4
"Lynchburg, VA",2.6,3.7,3.5,7.4,4.5
"Macomb, IL",8.4,7.3,6.4,7,9.1
"Macon-Bibb County, GA",6.9,6,5.5,8.7,6.5
"Madera, CA",5.5,4.9,4.3,4.2,9.6
"Madison, IN",9.8,7.6,6.1,2.6,3.4
"Madison, WI",8.3,7.6,7.9,5.5,2.5
"Madisonville, KY",10.8,9.6,8.1,10.9,6.4
"Magnolia, AR",5.5,5.2,4.8,7,6.5
"Malone, NY",9.3,8.6,7.6,6,7
"Malvern, AR",10.4,10,8.5,4,5.6
"Manchester-Nashua, NH",8.2,8.3,8.3,5,4
"Manhattan, KS",7.4,6.9,6,2.6,4.3
"Manitowoc, WI",4.3,3.7,3.1,3.6,2.4
"Mankato, MN",6.4,5.9,5.7,5.3,3.4
"Mansfield, OH",9.3,9.5,10.2,4,5.7
"Marietta, OH",8.5,8.2,7.1,4.4,4.6
"Marinette, WI-MI",6.8,6.2,7.5,7.2,4.8
"Marion, IN",5.2,4.8,4.3,5.7,7.3
"Marion, NC",5.4,5.2,5.2,6.6,5.7
"Marion, OH",4.8,3.7,3,5.7,6.1
"Marquette, MI",4.4,4.2,3.8,3.3,5.8
"Marshall, MN",8.3,7.5,6.5,3.4,3.1
"Marshall, MO",4.7,4.2,4,5,2.9
"Marshalltown, IA",6.8,5.8,4.6,5.6,5.2
"Martin, TN",8.1,7.6,7.3,7.4,4.7
"Martinsville, VA",9.8,7.4,5.8,2.9,5.8
"Maryville, MO",8,7.9,6.7,4.1,2.6
"Mason City, IA",7.2,6.3,6.1,24.3,3.3
"Mayagüez, PR",4.3,3.6,3.4,6.1,23.5
"Mayfield, KY",4.8,4.6,3.9,5,5.2
"Maysville, KY",8.3,7.2,5.6,6.4,4.2
"McAlester, OK",5.9,5.3,5.1,6.9,6.6
"McAllen-Edinburg-Mission, TX",10,8.3,6,4.9,7.3
"McComb, MS",9.5,8.6,8.2,5.1,7.1
"McMinnville, TN",5.4,4.7,3.9,1.9,3.8
"McPherson, KS",4.4,4.4,4.2,5.3,1.3
"Meadville, PA",23.4,25.4,26.1,5.9,5.8
"Medford, OR",8.4,7.7,7.7,6.8,5.1
"Memphis, TN-MS-AR",6.6,5.8,5.4,3.4,6.9
"Menomonie, WI",5.8,6.3,6.5,11.9,3.4
"Merced, CA",9,8.1,7.4,6,10.7
"Meridian, MS",9.7,8.5,7.6,4.6,6.2
"Mexico, MO",7.8,6.8,6.1,5.7,5
"Miami, OK",2.4,2.5,2.3,5.7,4.9
"Miami-Fort Lauderdale-Pompano Beach, FL",6.8,6,5.9,6.1,5.6
"Michigan City-La Porte, IN",8.9,7.5,6.5,10,5.5
"Middlesborough, KY",9,8.2,7.5,5.2,9.6
"Midland, MI",5.5,4.7,3.6,3.3,4.5
"Midland, TX",15.7,14.6,12.7,7.7,3.4
"Milledgeville, GA",9.2,7.5,7,4.3,6.8
"Milwaukee-Waukesha, WI",4.9,4,3.9,5.2,4.2
"Minden, LA",7.9,7.4,7.1,7.4,4.9
"Mineral Wells, TX",8.1,7.2,6.6,3.6,5.8
"Minneapolis-St. Paul-Bloomington, MN-WI",8.5,7.5,6.4,2.8,3.7
"Minot, ND",8.8,8,7.8,4.4,3.9
"Missoula, MT",10.6,9,9,2,4.9
"Mitchell, SD",7.6,7,6,5.4,2.2
"Moberly, MO",3.6,3.5,3.3,5.9,4.4
"Mobile, AL",8.5,8.4,8.9,9.1,5.7
"Modesto, CA",6.3,5.5,4.8,6,8.8
"Monroe, LA",6.7,7.9,7.6,4.8,5.3
"Monroe, MI",4.9,4.3,3.9,5.8,5
"Montgomery, AL",2.3,2.6,2.8,6,5.5
"Montrose, CO",7,6,4.3,5.7,5.2
"Morehead City, NC",3.4,3.5,2.8,8.7,5.3
"Morgan City, LA",7.5,6.1,5.7,6.8,6.7
"Morgantown, WV",8.7,7.5,6.2,6.2,7.1
"Morristown, TN",13.8,11.8,10.5,4.2,6.7
"Moscow, ID",7.7,6.9,6.7,6.2,5.3
"Moses Lake, WA",7,5.9,4.9,7.8,5.8
"Moultrie, GA",7.9,7.3,6.9,4.6,7.6
"Mountain Home, AR",8.6,8,7,7.1,5.4
"Mountain Home, ID",9.2,8,6.6,4,6.5
"Mount Airy, NC",10.9,8.5,9,14.4,4.6
"Mount Gay-Shamrock, WV",6.4,6.6,7,7.1,14.1
"Mount Pleasant, MI",8.3,7,7,5.5,7.3
"Mount Pleasant, TX",7.7,7.2,5,5.3,5.4
"Mount Sterling, KY",9.1,6.9,5.6,7.2,4.8
"Mount Vernon, IL",7.7,7.2,6.8,4.4,6.2
"Mount Vernon, OH",6.2,5.8,4.3,5.5,4.2
"Mount Vernon-Anacortes, WA",7.5,7.3,7,6.6,5.1
"Muncie, IN",6.1,5.1,4.4,4.3,6.4
"Murray, KY",9.9,8.4,7.6,3,4.3
"Muscatine, IA",6.6,6.1,6.1,6.5,3.3
"Muskegon, MI",9.3,7.5,6.6,6.3,7.2
"Muskogee, OK",9.4,8.5,7.4,5.9,6.4
"Myrtle Beach-Conway-North Myrtle Beach, SC-NC",6.1,5.8,5.3,8.7,6
"Nacogdoches, TX",7.2,6.4,5.8,4.5,7.7
"Napa, CA",9.4,7.9,6.7,3.9,4.5
"Naples-Marco Island, FL",6.9,5.7,5,3.9,4.4
"Nashville-Davidson--Murfreesboro--Franklin, TN",4.5,3.5,2.4,8.2,4
"Natchez, MS-LA",10.4,8.9,7.4,13.8,9.2
"Natchitoches, LA",7.6,6.9,6.3,7.1,13.1
"New Bern, NC",8.4,7.3,6.4,6.3,6.2
"Newberry, SC",8.8,8.6,8.5,5.5,5
"New Castle, IN",6.6,5.4,5,6.3,4.2
"New Castle, PA",6.4,5.3,4.6,6.4,6.4
"New Haven-Milford, CT",5.9,5,4.5,6.3,6.4
"New Orleans-Metairie, LA",9.9,10.3,8.6,4.2,6.6
"New Philadelphia-Dover, OH",12.1,13.6,13.9,6.1,5.5
"Newport, OR",10,8.4,8.1,8.6,7.1
"Newport, TN",8.6,8.1,7.2,1.6,8.6
"New Ulm, MN",8.4,7,6.1,5.5,2.3
"New York-Newark-Jersey City, NY-NJ-PA",6.5,6.5,6.2,5.9,5.9
"Niles, MI",8.5,7.7,7,7.7,6.2
"Nogales, AZ",7.9,7.1,6.8,2.8,8.3
"Norfolk, NE",5.7,4.9,4.1,3.1,3.1
"North Platte, NE",6.6,6.5,6,5.1,3.2
"North Port-Sarasota-Bradenton, FL",10,9.6,10,3.1,4.8
"North Vernon, IN",4.9,4.6,4.9,5.5,3.2
"North Wilkesboro, NC",2.7,2.3,2,4.3,5.3
"Norwalk, OH",7.7,6.9,6.1,5.9,4.7
"Norwich-New London, CT",7.8,7.3,6.4,5.6,5.3
"Oak Harbor, WA",9.7,8.7,8.3,8.3,5.8
"Ocala, FL",3.2,3.2,2.9,6.8,6.9
"Ocean City, NJ",3,2.6,2.6,6.1,6.7
"Odessa, TX",7.3,6.1,5.3,3.2,6.6
"Ogden-Clearfield, UT",6.7,6,4.1,7.4,2.9
"Ogdensburg-Massena, NY",9.7,7.5,5.8,6.8,6.8
"Oil City, PA",6.7,5.8,4.9,6.7,6.6
"Okeechobee, FL",7.7,7,6.2,4.3,5.3
"Oklahoma City, OK",7.7,6.7,6.1,5.5,4.5
"Olean, NY",10.1,9,8.8,6.4,5.6
"Olympia-Lacey-Tumwater, WA",9.2,8.4,7.7,3.6,6.1
"Omaha-Council Bluffs, NE-IA",6.4,6.9,6.7,5.8,3.8
"Oneonta, NY",4.5,4.1,3.7,6,5.7
"Ontario, OR-ID",10,8.8,7.4,5.9,5.5
"Opelousas, LA",8,7.6,6.8,9.2,5.2
"Orangeburg, SC",11.2,9,7.1,5.2,9.9
"Orlando-Kissimmee-Sanford, FL",5.2,5,4.6,3.1,5.4
"Oshkosh-Neenah, WI",7.5,7,6.3,3.9,3
"Oskaloosa, IA",8.4,7.7,6.9,6.7,3.2
"Othello, WA",4.5,4,3.8,5.5,6.3
"Ottawa, IL",6.9,6.7,6.4,3.7,5.6
"Ottawa, KS",9,7.4,6.7,5.9,3.1
"Ottumwa, IA",5.8,5.5,6.2,3.7,5.1
"Owatonna, MN",11.3,9.7,9.3,5.3,3.7
"Owensboro, KY",8.1,6.8,6,5.7,4.5
"Oxford, MS",4.4,3.6,3.3,5.1,4.1
"Oxnard-Thousand Oaks-Ventura, CA",6.3,5.6,5.3,8,5.1
"Ozark, AL",6.1,5.9,6.3,4.3,9
"Paducah, KY-IL",6,5.4,4.5,9.5,4.2
"Pahrump, NV",8.8,7.6,6.3,8.7,8.7
"Palatka, FL",6.4,5.8,5.7,3.2,8.5
"Palestine, TX",4.3,4.5,4.1,5.2,3.4
"Palm Bay-Melbourne-Titusville, FL",6.6,6.1,5.6,5.4,5.1
"Pampa, TX",8.8,7.1,5,5.1,5
"Panama City, FL",7.3,5.7,6.8,7.6,4.4
"Paragould, AR",6.9,6.6,6.1,4.7,7.5
"Paris, TN",7.5,6.6,5.9,4.8,4.7
"Paris, TX",10.4,10.4,8.8,4.6,3.9
"Parkersburg-Vienna, WV",5.5,5.4,4.6,3.3,5
"Parsons, KS",14.1,11.4,9.4,8.8,2.9
"Payson, AZ",11.4,10.3,10.5,6.7,6.3
"Pearsall, TX",4.3,4.3,3.3,8.9,7.5
"Pecos, TX",9.3,7.6,6.2,2.2,11
"Pella, IA",5.3,4.9,6.1,5.9,2.5
"Pensacola-Ferry Pass-Brent, FL",7.6,6.3,6.1,5.9,6.1
"Peoria, IL",8.2,7,7,4.9,5.8
"Peru, IN",7.9,6.7,6.7,6.1,4.9
"Philadelphia-Camden-Wilmington, PA-NJ-DE-MD",7,5.6,5.6,5.2,6.1
"Phoenix-Mesa-Chandler, AZ",7.5,6.1,5.2,8.3,5.2
"Picayune, MS",5.3,4.7,4,2.6,5.9
"Pierre, SD",12.1,11.7,10.2,8.2,1.5
"Pine Bluff, AR",7.7,8,7.2,4.8,7.4
"Pinehurst-Southern Pines, NC",3.9,3.6,3,5.1,4.6
"Pittsburg, KS",7.9,6.9,6.2,4.8,5.2
"Pittsburgh, PA",6.7,6.6,6.1,4.8,5
"Pittsfield, MA",8.9,7.8,6.6,4.8,5.1
"Plainview, TX",8.3,7.4,6.7,2.7,4.2
"Platteville, WI",7,6.2,5.7,4.4,3
"Plattsburgh, NY",11.3,10,8.4,4.9,4.5
"Plymouth, IN",2,1.8,2,5.6,3.4
"Pocatello, ID",9.8,9.5,8.9,4,5.5
"Point Pleasant, WV-OH",7.3,6.3,5.3,6.7,3.8
"Ponca City, OK",5.8,5.4,4.5,17.4,6.6
"Ponce, PR",6.2,5.7,5.2,5.1,16.3
"Pontiac, IL",8.2,6.8,6,7.4,4.9
"Poplar Bluff, MO",6.5,6.4,6.7,8.7,6.5
"Portales, NM",4.3,3.5,3.1,7.7,8.6
"Port Angeles, WA",6.6,5.8,4.8,3.3,6.6
"Portland-South Portland, ME",7.7,6.8,5.7,4.7,3.4
"Portland-Vancouver-Hillsboro, OR-WA",7.1,6.3,6.2,5.5,4.8
"Port Lavaca, TX",8.6,6.6,5.5,5.3,4.3
"Port St. Lucie, FL",7.4,6.9,7,7.7,5.1
"Portsmouth, OH",20.4,20.1,19,5.8,6.9
"Pottsville, PA",6.1,5.5,5.4,4.6,5.2
"Poughkeepsie-Newburgh-Middletown, NY",9.6,9.2,9.3,5.7,4.9
"Prescott Valley-Prescott, AZ",11.1,10.7,9.1,7,5.8
"Price, UT",9.3,8.8,7.7,6.9,6.7
"Prineville, OR",5.3,4.9,4.7,5.4,5
"Providence-Warwick, RI-MA",4.8,4.3,3.6,3.6,5.5
"Provo-Orem, UT",7.2,6.2,5.3,7.5,3.7
"Pueblo, CO",6.3,6.3,7.2,8.1,6.9
"Pullman, WA",9.4,7.2,6.1,5.9,8.2
"Punta Gorda, FL",9,7.9,7.9,4.2,5.8
"Quincy, IL-MO",8,6.9,6.2,4.3,4.2
"Racine, WI",8.5,7.3,6.7,4.2,4
"Raleigh-Cary, NC",7.6,5.4,5.5,3.9,4.3
"Rapid City, SD",11.3,8.3,8.5,13.8,3.7
"Raymondville, TX",7.9,6.9,6,5.9,10.4
"Reading, PA",4.9,4.3,3.8,8.6,5.6
"Red Bluff, CA",9.7,9.3,8.4,5.5,8.9
"Redding, CA",8.9,8.5,9,3.4,5.9
"Red Wing, MN",10.1,8.9,7.3,5.3,3.6
"Reno, NV",6.2,5.2,4.5,6.5,5.2
"Rexburg, ID",7.5,5.8,4.8,5.2,7.2
"Richmond, IN",6,5.2,4.5,5,4.5
"Richmond, VA",4.2,3.7,3.3,6.3,4.9
"Richmond-Berea, KY",13.4,14.5,15.5,14.6,6.9
"Rio Grande City-Roma, TX",8.2,7.3,6.7,7.6,13.1
"Riverside-San Bernardino-Ontario, CA",12.6,10.1,9.3,5.9,7.3
"Riverton, WY",8.7,6.8,6.2,4.5,7.4
"Roanoke, VA",4.7,4.2,3.7,7.3,4.7
"Roanoke Rapids, NC",8,6.8,5.6,5.8,6.9
"Rochelle, IL",8.5,8.4,6.6,3,6.2
"Rochester, MN",7.3,6.5,5.8,5.1,3.3
"Rochester, NY",6.9,6.3,5.6,7.8,4.9
"Rockford, IL",8.2,7.3,6.8,8.7,7.7
"Rockingham, NC",14.2,15,14.3,7.5,8.2
"Rockport, TX",11.2,9.9,8.7,6.1,9.3
"Rock Springs, WY",7.3,6,6,7.1,6.2
"Rocky Mount, NC",5.8,5.4,5,5.2,7.8
"Rolla, MO",11.9,9.7,8.2,5.4,4.5
"Rome, GA",6.5,6.5,5.9,6.6,5.6
"Roseburg, OR",3.9,3.9,3.5,5.1,5.9
"Roswell, NM",7,6.3,5.6,4.4,5.2
"Ruidoso, NM",10.2,9.7,8.7,5.8,5.1
"Russellville, AR",11.6,10,9.6,4.6,5.2
"Ruston, LA",5.1,5.2,5.2,3.1,4.7
"Rutland, VT",10.5,8.7,6.8,6,3.5
"Sacramento-Roseville-Folsom, CA",6.2,6.3,6.1,8.3,5.8
"Safford, AZ",9.3,7.5,6.3,6.9,6.9
"Saginaw, MI",10.9,8.9,8.1,4.3,6.5
"St. Cloud, MN",7.1,6.3,5.9,3.5,4.6
"St. George, UT",6.7,5.2,4.3,4.1,3.4
"St. Joseph, MO-KS",7,7.1,6.1,5,4.4
"St. Louis, MO-IL",10.4,8.8,7.1,7,4.6
"St. Marys, GA",5.5,4.7,3.8,4.5,6.6
"St. Marys, PA",9.4,8.1,6.8,6.6,6
"Salem, OH",14.4,12.2,9.4,5.7,6
"Salem, OR",9.5,8.2,7.5,3.2,5.4
"Salina, KS",4.8,4.5,4.5,4.9,3.8
"Salinas, CA",6.3,5.2,4.4,5.5,5.1
"Salisbury, MD-DE",6.1,5.3,4.6,3.6,6
"Salt Lake City, UT",7.1,6.3,5.5,3.9,3.8
"San Angelo, TX",9.3,8.2,7.3,5.1,4
"San Antonio-New Braunfels, TX",5.1,4.8,3.8,6,5.5
"San Diego-Chula Vista-Carlsbad, CA",8.4,7.5,6.7,3.4,6.2
"Sandpoint, ID",9.2,7.1,6.3,5,4
"Sandusky, OH",4.5,4.1,3.7,7,5.7
"Sanford, NC",6.9,6,5.4,4.5,5.6
"San Francisco-Oakland-Berkeley, CA",7.4,6.9,5.9,14.8,4.8
"San Germán, PR",5.2,4.4,3.9,4.4,14.1
"San Jose-Sunnyvale-Santa Clara, CA",3.9,3.8,4,15.9,4.3
"San Juan-Bayamón-Caguas, PR",6.5,5.9,5.5,4,15
"San Luis Obispo-Paso Robles, CA",7.8,7.1,6.4,5.7,4.5
"Santa Cruz-Watsonville, CA",5.7,4.4,3.7,4.1,6.1
"Santa Fe, NM",7.7,6.5,5.4,7.1,4.9
"Santa Isabel, PR",9.4,7.4,7.9,5.8,6.5
"Santa Maria-Santa Barbara, CA",6.7,5.8,5,4.4,5.7
"Santa Rosa-Petaluma, CA",13.2,14.1,14.3,8.9,4.6
"Sault Ste. Marie, MI",6.7,5.8,4.9,6.9,9
"Savannah, GA",16.8,16.7,16.5,4.6,7.1
"Sayre, PA",5.5,4.8,4.6,4.9,4.7
"Scottsbluff, NE",7.3,6.7,6.3,5.1,4.4
"Scottsboro, AL",6.7,5.5,4.5,5,5.2
"Scottsburg, IN",10.9,9.7,8.4,5.2,4.4
"Scranton--Wilkes-Barre, PA",7.2,6.6,6.1,5.7,5.3
"Searcy, AR",7,5.9,5.1,4.4,4.9
"Seattle-Tacoma-Bellevue, WA",10.1,9,9.3,6.5,4.4
"Sebastian-Vero Beach, FL",8.8,8.1,7.4,9.5,6.3
"Sebring-Avon Park, FL",5.4,5.6,4.8,6,8.4
"Sedalia, MO",5.1,5,4.9,2.6,4.8
"Selinsgrove, PA",8.6,7.7,5.9,11,2.5
"Selma, AL",7.1,6.4,5.7,5.5,10.4
"Seneca, SC",6.3,6.2,5.8,3.6,6.1
"Seneca Falls, NY",6.1,5.5,4.8,4.7,3.8
"Sevierville, TN",10.3,8.2,7.1,4.3,4.8
"Seymour, IN",12.3,11.5,10.8,3.4,3.3
"Shawano, WI",6.5,5.8,5.9,6,3.7
"Shawnee, OK",4.4,3.6,2.7,3.1,6.3
"Sheboygan, WI",14.9,13.7,11.8,8.3,3.3
"Shelby, NC",8.6,6.6,6.4,4.3,7.4
"Shelbyville, TN",5.3,4.9,3.5,6.9,4.4
"Shelton, WA",6.4,6.2,5.7,3.1,6.4
"Sheridan, WY",5.6,6.2,4.6,4.6,3.6
"Sherman-Denison, TX",5,4.2,2.8,12.7,4.4
"Show Low, AZ",7.1,6.7,6.2,6.4,11
"Shreveport-Bossier City, LA",5.1,4.4,3.6,4.5,6.5
"Sidney, OH",12.2,10.3,9.2,6.3,5.2
"Sierra Vista-Douglas, AZ",6.1,5.6,5.1,4.4,6.8
"Sikeston, MO",10.8,8.3,7.5,7.1,3.9
"Silver City, NM",3.8,3.1,2.7,3.9,8
"Sioux City, IA-NE-SD",7.5,6.5,5.4,2.7,4.2
"Sioux Falls, SD",18.5,16.3,14.8,4,2.6
"Snyder, TX",6.9,6.8,6.8,7.1,3.5
"Somerset, KY",5.8,5.3,4.5,5.1,6
"Somerset, PA",8.6,7.6,7.2,5.2,4.8
"Sonora, CA",6.4,6,5.2,4.8,7.3
"South Bend-Mishawaka, IN-MI",9.3,8.1,7.6,5.5,5
"Spartanburg, SC",4.7,4.5,4.1,2.6,5.4
"Spearfish, SD",3.3,3.1,3,4.2,2.7
"Spencer, IA",4.3,4.6,4.2,1.9,4.6
"Spirit Lake, IA",9.2,8.6,8.4,5.6,1.9
"Spokane-Spokane Valley, WA",6.7,6.1,5.4,5.8,5.5
"Springfield, IL",11.6,7.9,6.8,5.6,5
"Springfield, MA",7.8,6.6,5.5,3.8,6
"Springfield, MO",7.8,6.3,5.9,6.7,3.9
"Springfield, OH",3.3,3.1,2.6,7.8,6.8
"Starkville, MS",3.3,3.4,3.6,4.1,8.1
"State College, PA",3.4,3,2.8,8,4.1
"Statesboro, GA",7.4,6.3,5.7,3.8,9
"Staunton, VA",7.4,6.7,6.2,3.1,3.4
"Steamboat Springs, CO",8.4,7.5,6.6,3.6,3.9
"Stephenville, TX",6.2,5.2,4.5,3.3,5
"Sterling, CO",8.9,7.7,7.3,4.5,5.2
"Sterling, IL",11,9.5,9.9,3.3,3.7
"Stevens Point, WI",4.9,4.6,4.3,4.1,3.3
"Stillwater, OK",9.7,9.3,8.6,7.8,3.9
"Stockton, CA",5,4.1,3.7,5.1,7.2
"Storm Lake, IA",4.1,3.1,3,4.4,5.9
"Sturgis, MI",4.1,4.3,3.4,4.2,4.2
"Sulphur Springs, TX",6.9,6.2,4.1,5.6,4.4
"Summerville, GA",6.8,6,5.3,9.8,4.9
"Sumter, SC",6.2,4.6,3.7,4.7,9.2
"Sunbury, PA",5.8,4.5,4.9,6.5,4.2
"Susanville, CA",11.9,10.1,8.7,6.8,6.1
"Sweetwater, TX",4.5,4.9,5.3,5.4,7.9
"Syracuse, NY",6.6,5.3,5.2,7.6,5.7
"Tahlequah, OK",6,5.9,4.6,8.5,7.7
"Talladega-Sylacauga, AL",10.1,9.5,8.2,7,7.1
"Tallahassee, FL",3.2,2.3,1.8,5.5,5.9
"Tampa-St. Petersburg-Clearwater, FL",12.5,11.4,10.6,8.7,5.4
"Taos, NM",6.8,5.1,4.5,3.3,8.2
"Taylorville, IL",9.4,7.5,6.1,6.3,3.4
"Terre Haute, IN",6.3,7.1,7.2,6.4,5.6
"Texarkana, TX-AR",7,6.6,6.2,4.5,6
"The Dalles, OR",7.6,7.9,7.4,3.7,6.6
"The Villages, FL",12.1,10.2,8.5,5.8,4.7
"Thomaston, GA",9.4,8.6,7.6,7.4,4.3
"Thomasville, GA",7.9,6.8,6.1,4.4,6.2
"Tiffin, OH",9.7,9.7,8.4,2.7,4.2
"Tifton, GA",5,4.6,3.4,8.3,2.8
"Toccoa, GA",7.4,6.9,7.1,6.2,6.4
"Toledo, OH",8.3,7.7,7.4,4.1,6.3
"Topeka, KS",7.2,6.5,4.4,5,4
"Torrington, CT",7.9,6.6,4.7,4.7,5.8
"Traverse City, MI",12.5,11.2,8.2,6.1,4.2
"Trenton-Princeton, NJ",9.8,9.3,8.1,6.1,6
"Troy, AL",6.8,5.9,4.9,4.6,4.9
"Truckee-Grass Valley, CA",5.1,3.9,2.9,7,4
"Tucson, AZ",10.5,11.7,9.1,4.3,6.8
"Tullahoma-Manchester, TN",8.6,7.6,6.7,5.4,4.2
"Tulsa, OK",6.1,5.5,4.7,5.6,5.3
"Tupelo, MS",6.7,6,5.2,6.5,4.5
"Tuscaloosa, AL",6.5,6,5.3,3.4,6.4
"Twin Falls, ID",8.6,7.5,6.8,5.4,3.4
"Tyler, TX",9.7,8.7,8,8.7,5.5
"Ukiah, CA",8.8,7.3,6.4,6.8,8.6
"Union, SC",9.2,8.4,7.6,5.5,7.7
"Union City, TN",7.5,6.2,5.1,5,6.2
"Urbana, OH",6.2,5.9,5.5,4,5.8
"Urban Honolulu, HI",7,6.3,6.3,4.9,4.2
"Utica-Rome, NY",7.6,7.4,6.9,5.3,4.8
"Uvalde, TX",4.6,4.4,3.6,6.5,4.9
"Valdosta, GA",6.6,6.5,6.2,6,5.7
"Vallejo, CA",11,10.4,9.2,3.9,5.9
"Van Wert, OH",10.8,8.2,6.4,5.2,5.1
"Vermillion, SD",7.2,7.3,6,8.1,8.5
"Vernal, UT",5.1,4.5,4.3,5.6,6.9
"Vernon, TX",7.3,6.5,5.9,6.4,6.9
"Vicksburg, MS",6.4,5.9,5.6,5.6,6.7
"Victoria, TX",11.8,9.6,7.9,8.7,5.1
"Vidalia, GA",10,8.5,7,4.1,7.4
"Vincennes, IN",7.5,6.4,5,7.3,3.6
"Vineland-Bridgeton, NJ",5.8,5.3,4.4,3.4,8
"Vineyard Haven, MA",6.2,6.4,5.8,5.6,5.1
"Virginia Beach-Norfolk-Newport News, VA-NC",5.5,6.7,6.9,9.5,5.5
"Visalia, CA",6.1,5.8,3.9,4.6,9.9
"Wabash, IN",8.9,9.1,8.3,4.2,4.3
"Waco, TX",5.8,5.2,5.5,2.9,4.7
"Wahpeton, ND-MN",9.6,9.4,9.6,4.7,3.4
"Walla Walla, WA",5.3,5.4,5.1,3,5.5
"Wapakoneta, OH",9.9,9,7.3,6.8,3.3
"Warner Robins, GA",4.3,3,3.2,4.5,6.1
"Warren, PA",7.3,6.6,6.1,4.8,4.4
"Warrensburg, MO",10.6,10,9.4,3.7,4.6
"Warsaw, IN",5.9,5.5,4.3,3.6,3.6
"Washington, IN",5.6,5.2,4.5,7.1,3.5
"Washington, NC",2.6,2.2,2.6,4.7,6.9
"Washington-Arlington-Alexandria, DC-VA-MD-WV",6.6,6.1,5.1,5.8,4.9
"Washington Court House, OH",4,3.4,3.5,3.9,4.9
"Waterloo-Cedar Falls, IA",8.9,7.8,7.2,2.2,4.8
"Watertown, SD",5.8,5.7,5.2,3.2,2.6
"Watertown-Fort Atkinson, WI",7.3,6.9,5.1,6.2,3.3
"Watertown-Fort Drum, NY",5.3,4.6,4,6.1,5.8
"Wauchula, FL",5.5,5.4,4.1,2.9,8.1
"Wausau-Weston, WI",9.9,9,8.9,5.7,3.1
"Waycross, GA",5.9,5.5,5.1,3.2,4.5
"Weatherford, OK",6.9,6.3,6,6,2.8
"Weirton-Steubenville, WV-OH",5.7,4.9,4.1,4,5.9
"Wenatchee, WA",2.8,2.5,2.6,4.1,3.9
"West Plains, MO",4.7,4.3,3.7,10.3,4.4
"West Point, MS",9.4,8,6.5,5.3,8.7
"Wheeling, WV-OH",11.3,9.1,6,3.8,5.3
"Whitewater, WI",4.8,3.8,3.4,4.8,3.4
"Wichita, KS",6.6,5.2,4.3,4.8,5
"Wichita Falls, TX",3.5,3.6,3.3,5,4.4
"Williamsport, PA",7,6.9,6.8,2.2,5.1
"Williston, ND",6.2,5.1,4.8,3.2,3.4
"Willmar, MN",6.8,5,4.5,5.5,3.7
"Wilmington, NC",13.8,11.3,11.3,5.6,5.6
"Wilmington, OH",6.7,6.1,5.5,7.9,5.6
"Wilson, NC",6.4,5.6,4.2,3.5,8.6
"Winchester, VA-WV",5.8,5.3,5,4.8,4.3
"Winfield, KS",5.2,4.8,5.3,3.4,5.1
"Winnemucca, NV",7.3,6.2,5.2,3.6,3.8
"Winona, MN",2,2,2.3,5.5,3.3
"Winston-Salem, NC",3.8,3,3,3.8,5
"Wisconsin Rapids-Marshfield, WI",8.1,7.2,6.4,5.1,4
"Woodward, OK",6.6,6.6,6.1,3.5,4.5
"Wooster, OH",8.4,8.1,8,5.1,3.3
"Worcester, MA-CT",5.4,4.4,3.9,3.3,5.1
"Worthington, MN",7.7,7.3,5.3,6.4,2.4
"Yakima, WA",5.7,5.1,3.8,3.4,6.4
"Yankton, SD",8.5,7.2,6.5,22.5,2.2
"Yauco, PR",5.7,4.8,3.8,4.4,21.9
"York-Hanover, PA",4.3,5.6,5.2,6.2,4.6
"Youngstown-Warren-Boardman, OH-PA",4.3,4,3.9,7.8,6.4
"Yuba City, CA",7,6.3,5.6,10,7.4
"Yuma, AZ",7,6.5,5.1,6.1,8.6
"Zanesville, OH",8.3,7.5,6.6,10.4,5.3
"Zapata, TX",2.9,2.8,3.1,,8.3